"","cellInfo","maximals.AMPA","maximals.NMDA","SFs.AMPA","SFs.NMDA","ANRatio","PPR","tau","FFampa","FFnmda","FFcell"
"1","2016.10.26 Cell 1",-1192.73003895039,1381.79694429982,-309.574167524065,482.708708651796,0.863173162938767,0.364304609156587,0.21052253667347,0.259550910444489,0.349334039739387,0.304442475091938
